iter	Logloss
0	0.6804614494
1	0.6681182693
2	0.6561072168
3	0.6444181365
4	0.6371096961
5	0.6259149583
6	0.6150173175
7	0.6044075747
8	0.5940767969
9	0.5919842639
10	0.5819832143
11	0.5722420946
12	0.5708041204
13	0.5613779604
14	0.5595084923
15	0.5503752717
16	0.5414743243
17	0.532798443
18	0.5316644874
19	0.5261381517
